episode,reward sum,last reward,steps
0,1.93,0.0,17
1,1.4500000000000004,0.0,16
2,0.85,0.0,16
3,2.2600000000000002,0.0,17
4,94.11,93.0,17
5,2.2699999999999996,0.0,15
6,2.35,0.0,16
7,0.8,0.0,17
8,2.2899999999999996,0.0,16
9,1.4100000000000004,0.0,16
10,3.0100000000000002,0.0,17
11,2.27,0.0,16
12,2.4099999999999997,0.0,18
13,2.48,0.0,16
14,2.9000000000000004,0.0,15
15,2.5999999999999996,0.0,17
16,-1.0,-2.0,15
17,2.27,0.0,18
18,-35.45,-39.0,16
19,91.58,90.0,18
20,1.9300000000000004,0.0,17
21,2.11,0.0,14
22,-3.2700000000000005,-5.0,17
23,-17.91,-20.0,17
24,2.5500000000000003,0.0,16
25,-10.280000000000001,-14.0,19
26,2.99,0.0,16
27,1.7900000000000003,0.0,16
28,2.2299999999999995,0.0,17
29,1.2800000000000005,0.0,16
30,1.62,0.0,16
31,2.0900000000000003,0.0,16
32,2.5,0.0,16
33,1.0500000000000003,0.0,17
34,1.1400000000000001,0.0,15
35,3.03,0.0,18
36,-27.97,-30.0,19
37,-28.22,-30.0,17
38,2.1,0.0,17
39,0.8600000000000003,0.0,15
40,2.9600000000000004,0.0,16
41,1.8,0.0,17
42,1.3200000000000003,0.0,15
43,2.5500000000000003,0.0,15
44,1.2400000000000002,0.0,16
45,1.1500000000000001,0.0,17
46,2.8999999999999995,0.0,15
47,2.75,0.0,17
48,1.6900000000000004,0.0,14
49,1.46,0.0,16
50,1.6700000000000002,0.0,15
51,2.4,0.0,15
52,1.4100000000000001,0.0,17
53,2.0600000000000005,0.0,16
54,2.39,0.0,16
55,2.9200000000000004,0.0,16
56,2.4499999999999997,0.0,16
57,1.57,0.0,16
58,2.78,0.0,16
59,1.4200000000000004,0.0,15
60,-3.96,-5.0,17
61,0.48000000000000004,0.0,15
62,4.4,0.0,17
63,1.25,0.0,16
64,1.4700000000000002,0.0,16
65,-17.740000000000002,-20.0,17
66,3.4000000000000004,0.0,16
67,1.3400000000000003,0.0,16
68,2.0400000000000005,0.0,15
69,1.6699999999999995,0.0,15
70,1.8900000000000006,0.0,17
71,2.58,0.0,17
72,-25.12,-27.0,17
73,2.7199999999999998,0.0,16
74,2.0399999999999996,0.0,14
75,1.8100000000000003,0.0,15
76,1.4700000000000004,0.0,17
77,1.4600000000000004,0.0,15
78,-3.23,-5.0,13
79,1.6700000000000006,0.0,16
80,1.4899999999999998,0.0,15
81,1.82,0.0,16
82,-0.29000000000000004,-2.0,10
83,103.98,102.0,15
84,1.4700000000000002,0.0,16
85,1.9399999999999995,0.0,14
86,1.9,0.0,15
87,2.25,0.0,16
88,2.6499999999999995,0.0,17
89,1.9999999999999996,0.0,16
90,2.11,0.0,15
91,2.1199999999999997,0.0,15
92,-29.55,-31.0,15
93,1.3,0.0,17
94,-46.0,-48.0,17
95,1.21,0.0,13
96,1.6800000000000004,0.0,15
97,2.0200000000000005,0.0,17
98,2.3000000000000003,0.0,16
99,2.6100000000000003,0.0,15
100,1.34,0.0,17
101,0.41000000000000003,0.0,16
102,2.2,0.0,16
103,3.69,0.0,15
104,-9.59,-11.0,16
105,92.56,90.0,18
106,1.9399999999999997,0.0,15
107,2.0,0.0,15
108,2.32,0.0,14
109,2.46,0.0,15
110,1.5699999999999998,0.0,15
111,2.1399999999999997,0.0,16
112,2.54,0.0,16
113,2.6199999999999997,0.0,18
114,2.07,0.0,16
115,-2.5100000000000002,-5.0,14
116,1.86,0.0,17
117,0.6600000000000001,0.0,17
118,1.84,0.0,16
119,2.7099999999999995,0.0,15
120,1.9399999999999995,0.0,14
121,0.7100000000000001,0.0,18
122,58.78,57.0,15
123,1.8100000000000005,0.0,18
124,2.87,0.0,17
125,1.9799999999999998,0.0,17
126,-28.72,-30.0,11
127,94.8,93.0,19
128,-3.1499999999999995,-5.0,15
129,2.17,0.0,13
130,1.9799999999999998,0.0,16
131,1.6300000000000003,0.0,16
132,2.1799999999999997,0.0,17
133,2.5099999999999993,0.0,16
134,1.5500000000000005,0.0,15
135,2.4,0.0,16
136,2.2899999999999996,0.0,17
137,1.8900000000000006,0.0,14
138,2.1,0.0,16
139,2.23,0.0,15
140,1.04,0.0,18
141,2.3800000000000003,0.0,16
142,1.08,0.0,16
143,1.7800000000000002,0.0,16
144,2.76,0.0,15
145,2.5999999999999996,0.0,16
146,0.7600000000000001,0.0,16
147,1.9000000000000006,0.0,16
148,2.8399999999999994,0.0,16
149,-31.4,-33.0,17
150,98.24,96.0,17
151,2.55,0.0,16
152,2.5300000000000002,0.0,16
153,1.9900000000000007,0.0,18
154,1.7599999999999998,0.0,15
155,1.5500000000000005,0.0,16
156,2.4899999999999998,0.0,16
157,1.6900000000000006,0.0,17
158,1.2200000000000002,0.0,15
159,1.11,0.0,15
160,1.5300000000000005,0.0,17
161,1.9700000000000002,0.0,17
162,2.349999999999999,0.0,15
163,1.0700000000000003,0.0,17
164,3.62,0.0,16
165,1.4300000000000002,0.0,18
166,-27.619999999999997,-30.0,19
167,1.4699999999999998,0.0,16
168,-3.5,-5.0,16
169,2.57,0.0,15
170,2.5300000000000002,0.0,16
171,1.93,0.0,15
172,2.9699999999999993,0.0,16
173,2.3,0.0,16
174,91.53,90.0,17
175,0.8700000000000003,0.0,15
176,1.4500000000000004,0.0,16
177,1.7800000000000002,0.0,16
178,2.28,0.0,17
179,-29.04,-30.0,17
180,2.3699999999999997,0.0,16
181,16.68,15.0,18
182,2.75,0.0,16
183,1.3500000000000003,0.0,16
184,1.9900000000000002,0.0,16
185,-30.34,-33.0,17
186,3.13,0.0,16
187,1.4400000000000004,0.0,17
188,2.1999999999999997,0.0,16
189,2.8300000000000005,0.0,17
190,1.4800000000000004,0.0,18
191,1.0500000000000003,0.0,16
192,0.32999999999999996,0.0,17
193,3.23,0.0,16
194,92.61,90.0,17
195,-29.04,-30.0,15
196,1.6800000000000002,0.0,15
197,83.09,81.0,16
198,2.7,0.0,16
199,3.0800000000000005,0.0,17
200,-2.54,-5.0,15
201,2.6799999999999997,0.0,17
202,1.41,0.0,15
203,92.17,90.0,17
204,3.390000000000001,0.0,15
205,1.6399999999999997,0.0,14
206,-28.38,-30.0,17
207,1.3899999999999997,0.0,14
208,2.42,0.0,18
209,61.98,60.0,17
210,1.7700000000000002,0.0,14
211,2.78,0.0,17
212,0.8800000000000002,0.0,17
213,1.3900000000000003,0.0,16
214,1.7400000000000004,0.0,16
215,15.96,15.0,16
216,2.78,0.0,16
217,1.4400000000000004,0.0,16
218,1.67,0.0,15
219,1.06,0.0,16
220,2.09,0.0,16
221,3.0100000000000007,0.0,16
222,0.9699999999999999,0.0,16
223,2.24,0.0,17
224,2.8800000000000003,0.0,17
225,1.2200000000000002,0.0,17
226,1.5400000000000003,0.0,16
227,1.09,0.0,15
228,1.5000000000000002,0.0,15
229,2.96,0.0,17
230,2.08,0.0,15
231,17.8,15.0,15
232,1.09,0.0,16
233,3.1300000000000003,0.0,15
234,2.4900000000000007,0.0,16
235,1.8500000000000003,0.0,17
236,1.5600000000000003,0.0,16
237,2.63,0.0,16
238,1.3000000000000003,0.0,16
239,-28.19,-30.0,18
240,-37.55,-39.0,16
241,-3.7199999999999998,-5.0,17
242,2.06,0.0,15
243,0.9000000000000002,0.0,14
244,1.93,0.0,16
245,1.8900000000000001,0.0,17
246,62.14,60.0,19
247,-3.2999999999999994,-5.0,16
248,0.49999999999999994,0.0,18
249,-3.539999999999999,-5.0,17
250,1.1400000000000001,0.0,14
251,1.7200000000000002,0.0,15
252,1.3400000000000003,0.0,14
253,2.67,0.0,16
254,2.2800000000000002,0.0,16
255,-28.77,-30.0,17
256,-4.1,-5.0,11
257,-28.39,-30.0,10
258,1.9100000000000008,0.0,17
259,2.059999999999999,0.0,15
260,-27.86,-30.0,19
261,63.7,63.0,20
262,3.5200000000000005,0.0,15
263,0.93,0.0,17
264,2.0100000000000002,0.0,16
265,-11.059999999999999,-14.0,16
266,2.2600000000000002,0.0,15
267,16.73,15.0,18
268,1.7400000000000007,0.0,17
269,1.2000000000000002,0.0,17
270,1.2300000000000004,0.0,16
271,2.0000000000000004,0.0,17
272,1.6100000000000005,0.0,16
273,1.9200000000000006,0.0,18
274,1.1900000000000002,0.0,16
275,1.1900000000000004,0.0,16
276,1.57,0.0,16
277,2.749999999999999,0.0,16
278,-12.379999999999999,-14.0,18
279,-25.07,-27.0,19
280,93.95,93.0,18
281,2.7600000000000002,0.0,16
282,1.6800000000000002,0.0,14
283,94.41,93.0,18
284,2.8499999999999996,0.0,16
285,3.550000000000001,0.0,16
286,2.4099999999999997,0.0,15
287,1.71,0.0,16
288,93.61,93.0,17
289,1.6200000000000006,0.0,17
290,-37.8,-39.0,17
291,2.2999999999999994,0.0,16
292,1.3000000000000003,0.0,18
293,-28.95,-30.0,16
294,-29.22,-30.0,18
295,3.3200000000000003,0.0,15
296,2.25,0.0,17
297,1.0,0.0,16
298,2.3,0.0,16
299,1.1900000000000002,0.0,15
300,2.2399999999999998,0.0,16
301,2.46,0.0,15
302,1.6000000000000005,0.0,15
303,61.3,60.0,12
304,3.4399999999999995,0.0,17
305,1.7300000000000004,0.0,16
306,1.8400000000000003,0.0,16
307,0.7999999999999999,0.0,15
308,2.1999999999999993,0.0,16
309,1.8299999999999996,0.0,16
310,1.54,0.0,15
311,1.8600000000000003,0.0,15
312,1.2300000000000004,0.0,16
313,3.17,0.0,17
314,1.3399999999999999,0.0,16
315,3.3100000000000005,0.0,14
316,-27.66,-30.0,19
317,3.170000000000001,0.0,16
318,2.34,0.0,14
319,-28.4,-30.0,18
320,0.98,0.0,16
321,1.6700000000000002,0.0,16
322,1.9699999999999995,0.0,15
323,1.9300000000000006,0.0,16
324,2.599999999999999,0.0,17
325,0.8899999999999999,0.0,17
326,1.14,0.0,16
327,2.2,0.0,17
328,16.86,15.0,17
329,1.04,0.0,16
330,100.84,99.0,16
331,-27.62,-30.0,17
332,-4.0,-5.0,16
333,1.71,0.0,16
334,2.579999999999999,0.0,18
335,-28.41,-30.0,16
336,1.67,0.0,16
337,2.199999999999999,0.0,16
338,1.5500000000000003,0.0,16
339,1.8700000000000006,0.0,20
340,100.15,99.0,17
341,1.6200000000000006,0.0,15
342,0.75,0.0,16
343,2.53,0.0,16
344,0.8600000000000002,0.0,17
345,-25.5,-27.0,17
346,2.13,0.0,14
347,17.2,15.0,16
348,1.8700000000000003,0.0,17
349,-28.62,-30.0,17
350,0.6000000000000001,0.0,17
351,0.9500000000000002,0.0,17
352,3.4599999999999995,0.0,17
353,1.1,0.0,15
354,-30.490000000000002,-33.0,18
355,94.44,93.0,18
356,1.8600000000000003,0.0,14
357,1.82,0.0,18
358,2.1599999999999997,0.0,17
359,1.5399999999999998,0.0,14
360,99.97,99.0,17
361,1.62,0.0,16
362,1.3000000000000005,0.0,15
363,1.1400000000000003,0.0,17
364,1.9599999999999997,0.0,16
365,1.1800000000000004,0.0,17
366,2.9499999999999997,0.0,16
367,1.6800000000000002,0.0,14
368,2.35,0.0,16
369,90.99,90.0,18
370,-27.72,-30.0,15
371,1.6100000000000008,0.0,16
372,1.5700000000000003,0.0,16
373,1.9,0.0,15
374,1.37,0.0,17
375,1.4800000000000002,0.0,15
376,0.75,0.0,16
377,-3.17,-5.0,16
378,8.81,7.0,13
379,0.9300000000000003,0.0,15
380,2.8999999999999986,0.0,19
381,-3.26,-5.0,16
382,1.8000000000000003,0.0,15
383,0.7999999999999999,0.0,16
384,1.2000000000000002,0.0,17
385,-2.9699999999999998,-5.0,17
386,2.09,0.0,17
387,2.58,0.0,15
388,2.19,0.0,17
389,1.8699999999999999,0.0,15
390,2.9399999999999995,0.0,18
391,2.9799999999999995,0.0,17
392,3.5400000000000005,0.0,15
393,2.4499999999999997,0.0,16
394,-2.8800000000000003,-5.0,15
395,3.2099999999999995,0.0,18
396,-0.2599999999999998,-2.0,18
397,2.1399999999999997,0.0,15
398,2.37,0.0,16
399,0.9800000000000001,0.0,16
400,90.51,90.0,16
401,-18.07,-20.0,18
402,1.6800000000000006,0.0,17
403,0.8300000000000002,0.0,15
404,1.65,0.0,16
405,1.6,0.0,15
406,1.03,0.0,16
407,2.4,0.0,16
408,2.1099999999999994,0.0,17
409,-18.2,-19.0,15
410,16.62,15.0,16
411,0.9,0.0,17
412,2.0300000000000007,0.0,17
413,1.5400000000000003,0.0,18
414,1.4800000000000004,0.0,15
415,0.71,0.0,15
416,2.4,0.0,15
417,1.0300000000000005,0.0,16
418,2.6300000000000003,0.0,15
419,1.02,0.0,16
420,2.21,0.0,16
421,1.69,0.0,17
422,-28.1,-30.0,16
423,1.9400000000000002,0.0,15
424,-11.09,-14.0,16
425,-3.55,-5.0,17
426,3.1499999999999995,0.0,18
427,1.9300000000000004,0.0,16
428,2.0,0.0,15
429,1.29,0.0,16
430,63.98,63.0,16
431,-27.3,-30.0,16
432,3.2,0.0,16
433,-19.4,-20.0,6
434,1.5000000000000002,0.0,16
435,-31.9,-33.0,16
436,1.8,0.0,15
437,1.1900000000000002,0.0,17
438,-28.7,-30.0,17
439,1.3300000000000005,0.0,16
440,2.65,0.0,16
441,-26.57,-27.0,17
442,2.02,0.0,16
443,1.9800000000000002,0.0,16
444,1.7900000000000005,0.0,16
445,0.8800000000000002,0.0,16
446,62.72,60.0,17
447,1.4000000000000006,0.0,18
448,2.0799999999999996,0.0,15
449,1.8200000000000005,0.0,16
450,2.1599999999999997,0.0,15
451,0.6199999999999999,0.0,15
452,20.06,18.0,15
453,2.15,0.0,18
454,91.22,90.0,18
455,2.0100000000000002,0.0,17
456,2.53,0.0,16
457,2.2699999999999996,0.0,15
458,2.71,0.0,16
459,1.7000000000000002,0.0,15
460,1.9700000000000004,0.0,16
461,0.75,0.0,18
462,1.5,0.0,16
463,1.3300000000000003,0.0,16
464,1.0700000000000003,0.0,19
465,3.9300000000000015,0.0,16
466,2.2500000000000004,0.0,16
467,-4.21,-5.0,4
468,1.4100000000000006,0.0,16
469,1.2000000000000004,0.0,15
470,-28.16,-30.0,16
471,1.3700000000000003,0.0,16
472,62.47,60.0,16
473,2.9099999999999997,0.0,15
474,-6.12,-8.0,16
475,2.86,0.0,17
476,2.67,0.0,15
477,28.740000000000002,27.0,15
478,0.73,0.0,19
479,1.01,0.0,15
480,-11.530000000000001,-14.0,16
481,92.46,90.0,17
482,2.49,0.0,15
483,-24.41,-27.0,17
484,-24.97,-27.0,15
485,2.15,0.0,15
486,2.31,0.0,16
487,1.7199999999999998,0.0,16
488,3.0300000000000002,0.0,15
489,1.9500000000000004,0.0,15
490,2.1999999999999997,0.0,16
491,1.7000000000000002,0.0,15
492,2.369999999999999,0.0,16
493,2.8700000000000006,0.0,15
494,1.4700000000000002,0.0,16
495,1.34,0.0,17
496,0.8399999999999999,-2.0,15
497,1.9900000000000004,0.0,16
498,1.88,0.0,16
499,-32.25,-33.0,16
500,2.1999999999999997,0.0,16
501,3.1199999999999997,0.0,16
502,96.37,93.0,16
503,1.3100000000000003,0.0,16
504,-27.0,-29.0,11
505,2.8200000000000003,0.0,16
506,2.1,0.0,15
507,2.2600000000000002,0.0,15
508,2.6200000000000006,0.0,16
509,2.27,0.0,15
510,1.5300000000000002,0.0,16
511,3.4700000000000006,0.0,17
512,-28.14,-30.0,16
513,2.6599999999999997,0.0,16
514,1.5900000000000005,0.0,15
515,1.9,0.0,17
516,2.4699999999999998,0.0,17
517,2.1999999999999997,0.0,16
518,100.4,99.0,16
519,-36.82,-39.0,12
520,62.17,60.0,16
521,-15.5,-17.0,17
522,1.2300000000000002,0.0,16
523,2.4499999999999993,0.0,16
524,3.13,0.0,17
525,3.2,0.0,16
526,1.0199999999999998,0.0,16
527,2.1399999999999992,0.0,16
528,2.32,0.0,15
529,20.06,19.0,16
530,2.8699999999999997,0.0,18
531,1.4300000000000002,0.0,17
532,-15.459999999999999,-17.0,16
533,2.9,0.0,16
534,2.02,0.0,16
535,2.69,0.0,16
536,1.9399999999999995,0.0,17
537,3.1400000000000006,0.0,17
538,-29.19,-30.0,16
539,2.6100000000000003,0.0,17
540,2.0499999999999994,0.0,16
541,2.0599999999999996,0.0,17
542,-26.07,-27.0,16
543,1.4700000000000004,0.0,19
544,3.8900000000000015,0.0,16
545,-27.81,-30.0,17
546,2.88,0.0,16
547,1.8100000000000005,0.0,16
548,11.75,10.0,16
549,2.1199999999999997,0.0,16
550,2.32,0.0,15
551,3.01,0.0,18
552,-2.6200000000000006,-5.0,17
553,1.8900000000000003,0.0,16
554,2.2199999999999998,0.0,15
555,2.7100000000000004,0.0,15
556,2.07,0.0,17
557,-28.28,-30.0,13
558,2.16,0.0,15
559,1.6800000000000004,0.0,17
560,2.0700000000000007,0.0,16
561,2.5199999999999996,0.0,16
562,93.26,90.0,18
563,2.24,0.0,15
564,2.3899999999999997,0.0,15
565,0.6299999999999999,0.0,15
566,3.9700000000000015,0.0,15
567,19.64,18.0,16
568,-3.88,-5.0,17
569,15.72,15.0,5
570,1.67,0.0,18
571,90.95,90.0,17
572,94.73,93.0,16
573,90.98,90.0,19
574,1.2100000000000004,0.0,16
575,95.09,93.0,17
576,1.4300000000000004,0.0,17
577,0.9199999999999999,0.0,16
578,-27.87,-30.0,17
579,1.5299999999999998,0.0,15
580,2.3200000000000003,0.0,15
581,1.7499999999999996,0.0,16
582,0.53,0.0,16
583,1.2000000000000002,0.0,17
584,2.21,0.0,15
585,1.5599999999999998,0.0,17
586,3.04,0.0,14
587,1.07,0.0,16
588,0.8500000000000001,0.0,16
589,2.3999999999999995,0.0,16
590,2.0,0.0,17
591,1.9599999999999995,0.0,18
592,1.6900000000000002,0.0,18
593,2.0799999999999996,0.0,17
594,2.2799999999999994,0.0,16
595,2.44,0.0,15
596,-4.29,-5.0,16
597,2.29,0.0,17
598,2.9000000000000004,0.0,16
599,2.84,0.0,20
600,1.9500000000000002,0.0,15
601,-28.57,-30.0,18
602,1.8199999999999998,0.0,17
603,1.64,0.0,15
604,-25.37,-26.0,16
605,17.01,15.0,16
606,1.8699999999999999,0.0,18
607,2.0,0.0,15
608,1.54,0.0,17
609,2.67,0.0,15
610,1.6100000000000005,0.0,18
611,13.059999999999999,10.0,17
612,91.53,90.0,18
613,2.8400000000000003,0.0,17
614,-28.63,-30.0,17
615,1.9400000000000004,0.0,18
616,0.8599999999999999,0.0,15
617,1.3400000000000003,0.0,17
618,1.5100000000000005,0.0,16
619,-14.9,-17.0,16
620,100.05,99.0,18
621,2.3999999999999995,0.0,16
622,2.6599999999999997,0.0,16
623,3.01,0.0,15
624,2.3100000000000005,0.0,16
625,1.93,0.0,16
626,0.63,0.0,17
627,2.4199999999999995,0.0,15
628,62.06,60.0,18
629,2.04,0.0,18
630,2.36,0.0,16
631,1.8600000000000008,0.0,16
632,2.3199999999999994,0.0,15
633,1.9299999999999997,0.0,15
634,-25.72,-27.0,18
635,2.379999999999999,0.0,17
636,1.2300000000000002,0.0,18
637,0.28,0.0,15
638,2.58,0.0,17
639,1.5000000000000004,0.0,16
640,2.5000000000000004,0.0,14
641,1.02,0.0,15
642,-3.35,-5.0,11
643,1.6900000000000006,0.0,14
644,2.42,0.0,16
645,2.31,0.0,15
646,0.44999999999999996,0.0,15
647,94.84,93.0,18
648,1.4000000000000004,0.0,16
649,1.5500000000000005,0.0,16
650,0.8899999999999999,0.0,15
651,1.2500000000000004,0.0,16
652,2.6799999999999993,0.0,17
653,-27.31,-30.0,18
654,2.03,0.0,14
655,2.95,0.0,16
656,0.56,0.0,16
657,2.0,0.0,18
658,1.3900000000000006,0.0,18
659,2.0800000000000005,0.0,17
660,2.279999999999999,0.0,17
661,2.8400000000000003,0.0,16
662,1.9600000000000002,0.0,18
663,2.7900000000000005,0.0,16
664,2.3400000000000003,0.0,16
665,1.5700000000000005,0.0,17
666,-12.6,-14.0,15
667,-23.04,-24.0,17
668,1.4400000000000004,0.0,17
669,90.98,90.0,15
670,1.8100000000000003,0.0,16
671,2.65,0.0,17
672,1.6900000000000002,0.0,15
673,3.05,0.0,16
674,1.9800000000000002,0.0,16
675,1.19,0.0,15
676,38.35,36.0,15
677,1.07,0.0,16
678,1.6600000000000004,0.0,18
679,1.5600000000000003,0.0,17
680,2.45,0.0,15
681,1.6199999999999997,0.0,15
682,2.82,0.0,16
683,1.9200000000000004,0.0,16
684,2.99,0.0,14
685,2.2899999999999996,0.0,14
686,3.3400000000000003,0.0,16
687,2.3099999999999996,0.0,16
688,3.400000000000001,0.0,16
689,2.9500000000000006,0.0,17
690,0.9800000000000001,0.0,17
691,1.8400000000000003,0.0,16
692,3.0000000000000004,0.0,17
693,2.1,0.0,17
694,1.4600000000000002,0.0,18
695,1.69,0.0,16
696,0.8900000000000002,0.0,17
697,91.32,90.0,16
698,1.58,0.0,16
699,2.5300000000000002,0.0,16
700,31.1,30.0,16
701,0.9000000000000002,0.0,17
702,-4.54,-5.0,17
703,1.3300000000000003,0.0,17
704,0.76,0.0,16
705,0.99,0.0,15
706,91.08,90.0,16
707,16.74,15.0,17
708,2.4699999999999998,0.0,15
709,61.68,60.0,19
710,1.9299999999999995,0.0,17
711,2.21,0.0,18
712,2.32,0.0,16
713,2.6400000000000006,0.0,14
714,2.599999999999999,0.0,16
715,1.9700000000000004,0.0,15
716,1.4300000000000004,0.0,17
717,1.9900000000000007,0.0,17
718,2.0899999999999994,0.0,14
719,-5.36,-8.0,17
720,1.78,0.0,15
721,3.0500000000000007,0.0,17
722,1.8800000000000003,0.0,16
723,1.6400000000000003,0.0,16
724,3.45,0.0,16
725,3.0199999999999996,0.0,15
726,2.09,0.0,17
727,20.79,18.0,16
728,61.13,60.0,19
729,3.3699999999999997,0.0,17
730,93.85,93.0,17
731,1.91,0.0,17
732,-12.85,-14.0,17
733,3.12,0.0,16
734,2.45,0.0,16
735,1.47,0.0,16
736,2.3200000000000003,0.0,15
737,2.32,0.0,15
738,1.6300000000000001,0.0,15
739,0.98,0.0,16
740,-36.64,-39.0,17
741,2.31,0.0,16
742,2.4,0.0,15
743,2.6100000000000003,0.0,17
744,2.8700000000000006,0.0,17
745,1.6700000000000002,0.0,17
746,1.1100000000000003,0.0,16
747,2.51,0.0,15
748,16.830000000000002,15.0,17
749,1.24,0.0,15
750,2.43,0.0,16
751,-5.0,-5.0,1
752,2.6700000000000004,0.0,15
753,-11.780000000000001,-14.0,17
754,1.2500000000000002,0.0,17
755,-26.75,-30.0,17
756,1.3800000000000001,0.0,17
757,-1.9100000000000001,-5.0,15
758,-3.5999999999999996,-5.0,16
759,1.4900000000000002,0.0,15
760,64.85,63.0,17
761,2.3199999999999994,0.0,15
762,1.8399999999999999,0.0,15
763,1.1500000000000001,0.0,16
764,19.92,18.0,15
765,2.0899999999999994,0.0,16
766,1.5700000000000003,0.0,16
767,1.3900000000000001,0.0,16
768,1.8499999999999996,0.0,16
769,2.7199999999999998,0.0,16
770,2.53,0.0,16
771,-4.15,-5.0,16
772,0.9500000000000002,0.0,16
773,3.42,0.0,16
774,1.8100000000000003,0.0,16
775,2.8000000000000007,0.0,16
776,1.31,0.0,15
777,95.63,93.0,19
778,1.9700000000000004,0.0,15
779,1.04,0.0,14
780,2.45,0.0,14
781,1.06,0.0,16
782,1.7200000000000002,0.0,15
783,1.3400000000000003,0.0,17
784,1.8200000000000005,0.0,18
785,2.59,0.0,16
786,1.97,0.0,16
787,1.73,0.0,15
788,0.8800000000000001,0.0,17
789,1.5800000000000005,0.0,15
790,2.5199999999999996,0.0,17
791,1.9899999999999998,0.0,16
792,3.18,0.0,16
793,2.15,0.0,15
794,1.5299999999999998,0.0,16
795,1.12,0.0,15
796,-26.72,-29.0,17
797,2.5999999999999996,0.0,15
798,2.76,0.0,15
799,3.3200000000000003,0.0,15
800,2.9399999999999995,0.0,17
801,90.76,90.0,17
802,2.3799999999999994,0.0,16
803,1.7700000000000007,0.0,17
804,1.6799999999999997,0.0,16
805,2.0100000000000002,0.0,16
806,1.9600000000000004,0.0,16
807,1.6800000000000004,0.0,16
808,2.7700000000000005,0.0,15
809,-37.68,-39.0,11
810,2.5,0.0,16
811,1.9699999999999998,0.0,15
812,1.2600000000000002,0.0,17
813,2.5700000000000003,0.0,15
814,-33.35,-36.0,17
815,1.6300000000000003,0.0,16
816,2.6,0.0,16
817,1.97,0.0,15
818,1.3300000000000005,0.0,16
819,16.67,15.0,13
820,99.01,96.0,17
821,2.5100000000000002,0.0,16
822,2.0799999999999996,0.0,15
823,91.42,90.0,19
824,1.9,0.0,16
825,3.450000000000001,0.0,15
826,90.78,90.0,18
827,2.4699999999999993,0.0,16
828,2.91,0.0,15
829,95.04,93.0,17
830,0.8999999999999999,0.0,16
831,16.92,15.0,10
832,2.5199999999999996,0.0,17
833,95.36,93.0,16
834,1.8800000000000001,0.0,15
835,0.8300000000000001,0.0,16
836,2.38,0.0,17
837,2.2199999999999993,0.0,17
838,1.6100000000000005,0.0,16
839,2.4800000000000004,0.0,15
840,17.009999999999998,15.0,16
841,1.8600000000000003,0.0,16
842,-14.75,-17.0,16
843,3.48,0.0,16
844,1.7499999999999996,0.0,16
845,1.75,0.0,17
846,3.1699999999999995,0.0,16
847,1.5800000000000003,0.0,16
848,1.62,0.0,17
849,2.0200000000000005,0.0,18
850,2.2,0.0,17
851,1.3599999999999999,0.0,15
852,2.3599999999999994,0.0,16
853,1.6900000000000002,0.0,18
854,1.2600000000000005,0.0,14
855,1.89,0.0,18
856,2.7600000000000002,0.0,16
857,2.9899999999999998,0.0,15
858,2.4600000000000004,0.0,17
859,-27.51,-30.0,17
860,1.8300000000000005,0.0,15
861,-4.12,-5.0,7
862,3.03,0.0,17
863,2.0900000000000003,0.0,14
864,2.18,0.0,17
865,0.91,0.0,14
866,1.8099999999999996,0.0,15
867,1.9999999999999996,0.0,16
868,-5.039999999999999,-8.0,15
869,-27.73,-30.0,15
870,2.48,0.0,16
871,1.9200000000000004,0.0,16
872,16.39,15.0,18
873,1.79,0.0,16
874,0.93,0.0,16
875,3.27,0.0,16
876,91.23,90.0,17
877,2.4299999999999997,0.0,16
878,1.6100000000000005,0.0,16
879,-2.91,-5.0,17
880,-27.57,-30.0,18
881,1.27,0.0,16
882,2.37,0.0,15
883,1.8299999999999996,0.0,16
884,1.6800000000000004,0.0,15
885,-11.940000000000001,-14.0,13
886,2.3999999999999995,0.0,16
887,1.4800000000000004,0.0,16
888,-3.63,-5.0,16
889,1.1800000000000002,0.0,16
890,16.59,15.0,12
891,2.54,0.0,15
892,1.37,0.0,15
893,100.04,99.0,16
894,1.5100000000000002,0.0,19
895,-3.5599999999999996,-5.0,16
896,1.8300000000000005,0.0,16
897,17.04,15.0,16
898,2.33,0.0,17
899,2.4299999999999997,0.0,16
900,17.42,15.0,16
901,2.83,0.0,17
902,2.2199999999999993,0.0,17
903,2.189999999999999,0.0,17
904,1.0500000000000003,0.0,16
905,64.79,63.0,16
906,-2.95,-5.0,16
907,1.8599999999999999,0.0,15
908,-66.51,-69.0,17
909,2.1999999999999997,0.0,15
910,1.9400000000000002,0.0,16
911,2.0500000000000007,0.0,16
912,103.35,102.0,17
913,-3.33,-5.0,17
914,2.6,0.0,16
915,2.53,0.0,16
916,3.2600000000000002,0.0,16
917,1.7200000000000002,0.0,15
918,1.12,0.0,16
919,0.9000000000000001,0.0,15
920,-3.2799999999999994,-5.0,15
921,53.480000000000004,51.0,15
922,1.98,0.0,16
923,1.4699999999999998,0.0,15
924,1.9400000000000002,0.0,15
925,3.3500000000000014,0.0,17
926,2.43,0.0,15
927,1.52,0.0,16
928,74.78,72.0,17
929,1.26,0.0,15
930,1.4100000000000001,0.0,15
931,1.1999999999999997,0.0,16
932,1.9499999999999997,0.0,16
933,3.56,0.0,15
934,-17.7,-20.0,15
935,1.9699999999999998,0.0,16
936,2.39,0.0,15
937,1.2200000000000002,0.0,17
938,0.8700000000000001,0.0,16
939,1.9100000000000001,0.0,15
940,1.1800000000000002,0.0,17
941,1.6099999999999999,0.0,14
942,1.85,0.0,16
943,0.9300000000000002,0.0,17
944,19.95,18.0,16
945,1.4100000000000004,0.0,16
946,1.7300000000000002,0.0,16
947,2.8700000000000006,0.0,18
948,1.26,0.0,16
949,112.43,111.0,17
950,0.8100000000000003,0.0,17
951,1.4000000000000004,0.0,17
952,2.310000000000001,0.0,17
953,1.57,0.0,16
954,91.76,90.0,17
955,2.3,0.0,16
956,1.9500000000000002,0.0,17
957,1.9900000000000007,0.0,17
958,3.3000000000000003,0.0,16
959,2.1099999999999994,0.0,18
960,2.77,0.0,16
961,1.2200000000000002,0.0,15
962,2.6300000000000003,0.0,17
963,1.5800000000000003,0.0,17
964,1.9100000000000001,0.0,16
965,1.4700000000000004,0.0,17
966,104.76,102.0,17
967,1.96,0.0,17
968,1.0800000000000003,0.0,18
969,2.2600000000000002,0.0,15
970,1.7000000000000002,0.0,16
971,2.26,0.0,15
972,4.630000000000001,0.0,17
973,0.9500000000000002,0.0,15
974,2.5600000000000005,0.0,13
975,2.06,0.0,14
976,95.19,90.0,17
977,4.0600000000000005,0.0,18
978,-23.64,-26.0,15
979,97.47,96.0,19
980,3.3000000000000007,0.0,17
981,3.1700000000000004,0.0,15
982,2.52,0.0,15
983,1.7200000000000002,0.0,15
984,1.4300000000000004,0.0,16
985,1.8199999999999998,0.0,15
986,-27.13,-30.0,15
987,2.4600000000000004,0.0,15
988,90.63,90.0,18
989,1.9700000000000002,0.0,14
990,94.2,93.0,17
991,2.36,0.0,16
992,3.0900000000000007,0.0,16
993,1.9699999999999998,0.0,16
994,1.8699999999999999,0.0,15
995,1.46,0.0,16
996,62.58,60.0,17
997,1.5200000000000005,0.0,15
998,3.7,0.0,15
999,2.36,0.0,17
1000,-1.1099999999999999,-2.0,11
1001,3.8900000000000006,0.0,18
1002,1.0600000000000003,0.0,16
1003,2.730000000000001,0.0,17
1004,1.81,0.0,15
1005,17.19,15.0,17
1006,1.6399999999999997,0.0,17
1007,1.6700000000000004,0.0,16
1008,1.5400000000000005,0.0,16
1009,-15.84,-17.0,16
1010,2.2499999999999996,0.0,16
1011,-4.109999999999999,-5.0,16
1012,2.3099999999999996,0.0,17
1013,-17.84,-20.0,16
1014,1.3300000000000003,0.0,17
1015,-3.15,-5.0,13
1016,2.57,0.0,15
1017,0.7300000000000001,0.0,16
1018,2.25,0.0,16
1019,-25.509999999999998,-27.0,17
1020,2.4099999999999997,0.0,15
1021,2.06,0.0,18
1022,3.6500000000000004,0.0,16
1023,62.35,60.0,18
1024,2.78,0.0,16
1025,2.88,0.0,16
1026,1.7700000000000005,0.0,17
1027,1.06,0.0,15
1028,2.03,0.0,17
1029,94.13,93.0,17
1030,91.05,90.0,18
1031,1.6199999999999999,0.0,17
1032,2.36,0.0,16
1033,2.6999999999999997,0.0,16
1034,2.0,0.0,17
1035,0.48,0.0,15
1036,1.7800000000000007,0.0,16
1037,3.1799999999999993,0.0,16
1038,3.7200000000000006,0.0,15
1039,1.97,0.0,15
1040,2.27,0.0,15
1041,2.3200000000000003,0.0,15
1042,16.27,15.0,6
1043,4.2200000000000015,0.0,16
1044,2.0399999999999996,0.0,15
1045,-3.01,-5.0,12
1046,-17.91,-20.0,17
1047,2.4299999999999997,0.0,17
1048,2.430000000000001,0.0,18
1049,-1.9499999999999993,-5.0,16
1050,61.2,60.0,16
1051,2.2499999999999996,0.0,16
1052,1.7200000000000002,0.0,15
1053,62.05,60.0,14
1054,0.9400000000000002,0.0,16
1055,1.8000000000000003,0.0,16
1056,1.5299999999999998,0.0,16
1057,2.8000000000000003,0.0,16
1058,1.6099999999999999,0.0,16
1059,1.6199999999999997,0.0,14
1060,2.6299999999999994,0.0,17
1061,1.5199999999999998,0.0,16
1062,1.3399999999999999,0.0,16
1063,2.549999999999999,0.0,16
1064,2.4,0.0,16
1065,1.7499999999999996,0.0,14
1066,100.33,90.0,16
1067,1.11,0.0,17
1068,0.8700000000000002,0.0,15
1069,64.4,63.0,17
1070,2.329999999999999,0.0,17
1071,2.2199999999999998,0.0,15
1072,1.7300000000000002,0.0,16
1073,3.4600000000000004,0.0,17
1074,3.2600000000000007,0.0,16
1075,1.7300000000000002,0.0,15
1076,1.5899999999999999,0.0,17
1077,1.0500000000000003,0.0,15
1078,91.13,90.0,16
1079,2.25,0.0,16
1080,2.77,0.0,15
1081,2.8299999999999996,0.0,17
1082,1.88,0.0,16
1083,1.4500000000000004,0.0,17
1084,1.7500000000000002,0.0,16
1085,63.15,60.0,17
1086,1.9900000000000002,0.0,17
1087,20.59,18.0,16
1088,2.51,0.0,15
1089,0.9200000000000002,0.0,17
1090,2.2600000000000002,0.0,17
1091,1.7500000000000007,0.0,16
1092,2.6800000000000006,0.0,15
1093,2.27,0.0,16
1094,1.5999999999999996,0.0,16
1095,1.1300000000000001,0.0,17
1096,1.8600000000000003,0.0,17
1097,1.8600000000000003,0.0,15
1098,1.3800000000000003,0.0,15
1099,3.6500000000000004,0.0,16
1100,1.6500000000000004,0.0,18
1101,0.8899999999999999,0.0,16
1102,95.12,93.0,18
1103,52.7,51.0,11
1104,1.08,0.0,15
1105,2.5700000000000003,0.0,15
1106,94.12,93.0,17
1107,-29.259999999999998,-30.0,14
1108,2.55,0.0,16
1109,2.7600000000000002,0.0,16
1110,2.1899999999999995,0.0,17
1111,3.7800000000000002,0.0,16
1112,2.6200000000000006,0.0,15
1113,2.4000000000000004,0.0,15
1114,1.92,0.0,17
1115,2.1799999999999997,0.0,17
1116,1.4300000000000004,0.0,17
1117,2.12,0.0,16
1118,2.3,0.0,16
1119,93.46,93.0,16
1120,3.3199999999999994,0.0,16
1121,1.5000000000000004,0.0,16
1122,1.16,0.0,16
1123,1.8600000000000008,0.0,17
1124,61.3,60.0,17
1125,1.3100000000000003,0.0,18
1126,2.3200000000000003,0.0,17
1127,16.57,15.0,17
1128,1.5100000000000002,0.0,18
1129,25.119999999999997,10.0,18
1130,-3.289999999999999,-5.0,17
1131,2.0500000000000003,0.0,17
1132,2.2999999999999994,0.0,16
1133,1.8999999999999995,0.0,16
1134,3.5300000000000002,0.0,17
1135,2.6499999999999995,0.0,16
1136,0.9900000000000001,0.0,17
1137,1.0800000000000003,0.0,16
1138,2.46,0.0,18
1139,2.1000000000000005,0.0,17
1140,2.8200000000000003,0.0,16
1141,1.8,0.0,15
1142,1.48,0.0,15
1143,21.6,18.0,16
1144,2.1599999999999997,0.0,15
1145,1.09,0.0,17
1146,1.22,0.0,15
1147,100.4,99.0,16
1148,2.9000000000000004,0.0,15
1149,1.5300000000000002,0.0,16
1150,2.2999999999999994,0.0,16
1151,2.3999999999999995,0.0,16
1152,1.31,0.0,16
1153,2.1500000000000004,0.0,17
1154,2.1799999999999993,0.0,17
1155,2.9199999999999995,0.0,16
1156,-18.23,-20.0,16
1157,3.2199999999999998,0.0,15
1158,-12.1,-14.0,16
1159,2.2699999999999996,0.0,16
1160,2.1399999999999997,0.0,15
1161,1.9600000000000006,0.0,16
1162,12.75,10.0,17
1163,2.7800000000000002,0.0,15
1164,100.6,96.0,17
1165,2.1500000000000004,0.0,16
1166,1.6300000000000003,0.0,17
1167,1.9100000000000001,0.0,16
1168,2.87,0.0,15
1169,1.6300000000000003,0.0,16
1170,2.6,0.0,16
1171,2.2399999999999998,0.0,16
1172,1.7399999999999998,0.0,16
1173,1.31,0.0,16
1174,3.33,0.0,17
1175,92.01,90.0,16
1176,2.539999999999999,0.0,16
1177,20.86,18.0,18
1178,2.5599999999999996,0.0,15
1179,2.2899999999999996,0.0,17
1180,2.3699999999999997,0.0,15
1181,2.23,0.0,18
1182,-26.62,-29.0,17
1183,1.7400000000000002,0.0,17
1184,1.4000000000000001,0.0,15
1185,15.5,15.0,6
1186,2.79,0.0,16
1187,2.12,0.0,15
1188,1.08,0.0,15
1189,3.2000000000000006,0.0,16
1190,2.0899999999999994,0.0,14
1191,1.83,0.0,17
1192,1.6,0.0,15
1193,1.5199999999999998,0.0,15
1194,2.06,0.0,15
1195,3.1500000000000004,0.0,17
1196,0.88,0.0,16
1197,2.39,0.0,17
1198,64.91,63.0,19
1199,1.9800000000000006,0.0,17
1200,1.7399999999999998,0.0,14
1201,3.18,0.0,17
1202,-28.07,-30.0,10
1203,1.75,0.0,15
1204,-64.28,-65.0,15
1205,2.2600000000000007,0.0,15
1206,72.8,69.0,19
1207,2.7,0.0,16
1208,1.8899999999999995,0.0,16
1209,1.9800000000000004,0.0,17
1210,2.95,0.0,16
1211,2.2999999999999994,0.0,16
1212,-1.7000000000000002,-5.0,18
1213,95.11,93.0,17
1214,-3.3799999999999994,-5.0,14
1215,3.0999999999999996,0.0,16
1216,2.65,0.0,18
1217,1.65,0.0,16
1218,2.47,0.0,16
1219,1.8699999999999999,0.0,16
1220,1.9300000000000006,0.0,17
1221,2.8499999999999996,0.0,16
1222,2.6199999999999997,0.0,15
1223,1.6200000000000006,0.0,16
1224,2.66,0.0,17
1225,3.0900000000000003,0.0,15
1226,2.8700000000000006,0.0,15
1227,1.99,0.0,15
1228,0.8400000000000001,0.0,16
1229,2.02,0.0,15
1230,3.0999999999999996,0.0,17
1231,2.6699999999999995,0.0,15
1232,1.2900000000000003,0.0,17
1233,20.71,18.0,16
1234,0.35000000000000003,0.0,16
1235,-21.240000000000002,-23.0,16
1236,1.6599999999999997,0.0,14
1237,20.03,18.0,16
1238,97.18,96.0,18
1239,2.58,0.0,16
1240,100.41,99.0,16
1241,1.6800000000000002,0.0,15
1242,93.71,93.0,12
1243,1.3800000000000001,0.0,15
1244,-4.01,-5.0,12
1245,1.1300000000000003,0.0,16
1246,15.68,15.0,17
1247,95.37,93.0,18
1248,1.5300000000000002,0.0,16
1249,1.35,0.0,15
1250,21.93,18.0,17
1251,8.940000000000001,0.0,17
1252,20.03,18.0,17
1253,90.49,90.0,12
1254,2.99,0.0,18
1255,1.5300000000000002,0.0,15
1256,3.02,0.0,15
1257,3.0400000000000005,0.0,16
1258,2.369999999999999,0.0,16
1259,-29.23,-30.0,15
1260,2.2099999999999995,0.0,16
1261,3.4099999999999997,0.0,18
1262,0.93,0.0,18
1263,1.94,0.0,14
1264,13.38,10.0,17
1265,1.59,0.0,15
1266,1.27,0.0,15
1267,1.9299999999999997,0.0,15
1268,3.3400000000000003,0.0,18
1269,-15.9,-17.0,15
1270,1.7600000000000005,0.0,15
1271,2.02,0.0,17
1272,2.0100000000000007,0.0,16
1273,1.5100000000000005,0.0,17
1274,2.8500000000000005,0.0,17
1275,2.3000000000000003,0.0,16
1276,2.57,0.0,15
1277,2.57,0.0,17
1278,1.3300000000000003,0.0,17
1279,1.9499999999999995,0.0,16
1280,2.48,0.0,19
1281,2.6199999999999997,0.0,17
1282,2.0599999999999996,0.0,17
1283,3.370000000000001,0.0,15
1284,2.5499999999999994,0.0,16
1285,1.4000000000000004,0.0,17
1286,25.240000000000002,24.0,17
1287,1.2200000000000002,0.0,17
1288,1.56,0.0,16
1289,2.59,0.0,14
1290,3.55,0.0,16
1291,1.7500000000000004,0.0,16
1292,-3.8,-5.0,6
1293,2.99,0.0,17
1294,1.4300000000000004,0.0,16
1295,6.69,6.0,13
1296,1.76,0.0,18
1297,106.71,105.0,16
1298,92.11,90.0,18
1299,1.5199999999999996,0.0,16
1300,2.3000000000000003,0.0,16
1301,1.6700000000000006,0.0,16
1302,18.34,15.0,16
1303,3.1899999999999995,0.0,16
1304,-1.3299999999999992,-5.0,16
1305,2.5700000000000003,0.0,16
1306,2.09,0.0,15
1307,1.2300000000000002,0.0,16
1308,2.38,0.0,15
1309,-37.91,-41.0,17
1310,0.87,0.0,16
1311,91.87,90.0,18
1312,2.5400000000000005,0.0,17
1313,2.7700000000000005,0.0,16
1314,-20.38,-24.0,16
1315,1.9699999999999998,0.0,16
1316,1.4500000000000004,0.0,18
1317,3.45,0.0,17
1318,1.8800000000000003,0.0,15
1319,93.86,93.0,17
1320,2.5300000000000002,0.0,16
1321,3.23,0.0,17
1322,2.1399999999999992,0.0,14
1323,60.87,60.0,20
1324,2.0300000000000002,0.0,17
1325,17.47,15.0,16
1326,0.43,0.0,17
1327,1.06,0.0,18
1328,2.5700000000000003,0.0,15
1329,1.8399999999999999,0.0,16
1330,-2.99,-5.0,17
1331,1.9799999999999995,0.0,17
1332,1.5000000000000004,0.0,16
1333,2.11,0.0,15
1334,2.45,0.0,16
1335,3.22,0.0,16
1336,3.0000000000000004,0.0,16
1337,17.88,15.0,17
1338,-2.46,-5.0,15
1339,1.31,0.0,16
1340,15.39,15.0,4
1341,1.9299999999999997,0.0,14
1342,-29.05,-30.0,18
1343,0.9600000000000002,0.0,16
1344,96.81,96.0,17
1345,2.8700000000000006,0.0,15
1346,1.6299999999999994,0.0,16
1347,1.11,0.0,17
1348,91.92,90.0,18
1349,2.1199999999999997,0.0,15
1350,2.0900000000000003,0.0,16
1351,2.6,0.0,17
1352,1.4899999999999998,0.0,16
1353,1.7200000000000006,0.0,17
1354,1.2900000000000003,0.0,16
1355,-0.5399999999999996,-2.0,15
1356,1.2000000000000002,0.0,14
1357,2.0300000000000002,0.0,17
1358,-32.93,-36.0,17
1359,4.150000000000002,0.0,16
1360,2.15,0.0,16
1361,-24.23,-27.0,15
1362,2.4499999999999997,0.0,16
1363,16.7,15.0,17
1364,4.04,0.0,15
1365,25.990000000000002,24.0,16
1366,2.1299999999999994,0.0,15
1367,1.7000000000000002,0.0,15
1368,16.62,15.0,16
1369,1.6699999999999995,0.0,16
1370,1.8499999999999999,0.0,16
1371,1.2700000000000002,0.0,17
1372,-3.55,-5.0,16
1373,2.5,0.0,16
1374,23.12,21.0,14
1375,16.29,15.0,17
1376,1.9300000000000004,0.0,17
1377,1.5500000000000003,0.0,16
1378,1.4900000000000002,0.0,16
1379,1.87,0.0,15
1380,2.92,0.0,15
1381,1.2000000000000004,0.0,17
1382,-4.1,-5.0,14
1383,2.12,0.0,14
1384,-3.5999999999999996,-5.0,9
1385,2.0,0.0,16
1386,2.01,0.0,17
1387,91.78,90.0,18
1388,1.9899999999999998,0.0,17
1389,1.72,0.0,14
1390,26.75,24.0,16
1391,1.9900000000000002,0.0,16
1392,1.3099999999999996,0.0,16
1393,2.0700000000000007,0.0,15
1394,62.7,60.0,18
1395,1.9000000000000004,0.0,16
1396,1.5600000000000005,0.0,16
1397,1.2800000000000002,-2.0,15
1398,18.11,15.0,13
1399,1.2100000000000002,0.0,17
1400,1.65,0.0,15
1401,-4.1,-5.0,17
1402,2.7700000000000005,0.0,16
1403,2.1999999999999997,0.0,15
1404,3.2500000000000004,0.0,16
1405,1.73,0.0,16
1406,-35.0,-36.0,17
1407,1.4800000000000006,0.0,17
1408,1.9400000000000002,0.0,18
1409,2.1499999999999995,0.0,17
1410,2.4800000000000004,0.0,15
1411,0.8500000000000001,0.0,15
1412,98.15,90.0,17
1413,17.599999999999998,15.0,17
1414,1.2500000000000002,0.0,16
1415,1.4100000000000001,0.0,15
1416,0.7300000000000002,0.0,16
1417,-3.299999999999999,-5.0,16
1418,1.7900000000000003,0.0,16
1419,2.4299999999999997,0.0,18
1420,112.36,111.0,17
1421,-2.4499999999999993,-5.0,17
1422,-26.81,-30.0,17
1423,2.0200000000000005,0.0,16
1424,2.599999999999999,0.0,17
1425,2.8800000000000003,0.0,16
1426,3.3299999999999996,0.0,17
1427,2.94,0.0,16
1428,2.0100000000000002,0.0,15
1429,0.8399999999999999,-2.0,17
1430,-12.639999999999999,-14.0,17
1431,2.4099999999999997,0.0,16
1432,1.7999999999999996,0.0,16
1433,1.4900000000000004,0.0,17
1434,3.500000000000001,0.0,16
1435,1.29,0.0,15
1436,2.61,0.0,17
1437,1.8,0.0,15
1438,2.9199999999999995,0.0,15
1439,0.7799999999999999,0.0,16
1440,2.72,0.0,17
1441,17.25,15.0,16
1442,-26.65,-30.0,16
1443,-28.05,-30.0,18
1444,0.39000000000000007,0.0,16
1445,1.3200000000000005,0.0,16
1446,1.6000000000000003,0.0,15
1447,55.31,54.0,18
1448,0.7000000000000002,0.0,17
1449,98.18,96.0,17
1450,101.86,99.0,17
1451,2.72,0.0,16
1452,1.77,0.0,16
1453,95.17999999999999,93.0,17
1454,1.2500000000000002,0.0,16
1455,1.8599999999999999,0.0,16
1456,-1.8399999999999999,-5.0,16
1457,1.67,0.0,15
1458,2.57,0.0,15
1459,2.28,0.0,15
1460,3.6100000000000008,0.0,15
1461,2.0999999999999996,0.0,14
1462,2.0900000000000007,0.0,15
1463,2.38,0.0,15
1464,1.1700000000000004,0.0,16
1465,2.0500000000000003,0.0,15
1466,91.39,90.0,17
1467,1.7800000000000002,0.0,17
1468,1.2400000000000002,0.0,16
1469,2.2899999999999996,0.0,16
1470,17.16,15.0,16
1471,1.7000000000000002,0.0,15
1472,1.2700000000000002,0.0,15
1473,3.0400000000000005,0.0,17
1474,2.43,0.0,14
1475,2.6700000000000004,0.0,17
1476,3.2200000000000006,0.0,15
1477,3.1300000000000003,0.0,17
1478,2.4400000000000004,0.0,16
1479,1.7100000000000006,0.0,15
1480,1.38,0.0,15
1481,2.4300000000000006,0.0,16
1482,16.78,15.0,15
1483,2.99,0.0,16
1484,0.2999999999999998,-2.0,15
1485,1.4699999999999998,0.0,15
1486,61.28,60.0,18
1487,-0.5,-2.0,15
1488,3.0700000000000003,0.0,17
1489,63.96,63.0,16
1490,2.0999999999999996,0.0,16
1491,2.15,0.0,16
1492,1.3100000000000003,0.0,16
1493,2.95,0.0,14
1494,2.1599999999999997,0.0,15
1495,2.62,0.0,16
1496,2.17,0.0,17
1497,-28.91,-30.0,15
1498,2.5799999999999996,0.0,17
1499,-40.95,-42.0,15
1500,0.91,0.0,15
1501,1.57,0.0,15
1502,2.39,0.0,15
1503,3.5500000000000007,0.0,16
1504,2.5300000000000002,0.0,17
1505,1.5000000000000004,0.0,16
1506,1.7600000000000002,0.0,17
1507,0.97,0.0,15
1508,2.6599999999999997,0.0,14
1509,2.3399999999999994,0.0,14
1510,1.3500000000000003,0.0,15
1511,1.98,0.0,16
1512,91.8,90.0,18
1513,1.62,0.0,15
1514,1.3900000000000006,0.0,17
1515,-26.14,-27.0,16
1516,2.73,0.0,15
1517,2.48,0.0,17
1518,1.0800000000000003,0.0,16
1519,2.7,0.0,16
1520,1.91,0.0,16
1521,1.7799999999999998,0.0,16
1522,2.9999999999999996,0.0,16
1523,2.3499999999999996,0.0,16
1524,1.8600000000000005,0.0,14
1525,-27.94,-30.0,17
1526,62.51,60.0,16
1527,2.3299999999999996,0.0,17
1528,19.64,18.0,17
1529,1.83,0.0,16
1530,3.6799999999999997,0.0,17
1531,1.4300000000000002,0.0,16
1532,1.1900000000000002,0.0,18
1533,2.5300000000000002,0.0,15
1534,2.1299999999999994,0.0,16
1535,-3.6300000000000003,-5.0,9
1536,2.8200000000000007,0.0,17
1537,-6.08,-8.0,16
1538,2.9500000000000006,0.0,16
1539,-29.45,-30.0,16
1540,1.8099999999999998,0.0,15
1541,3.0,0.0,16
1542,3.2300000000000004,0.0,14
1543,2.41,0.0,17
1544,3.250000000000001,0.0,16
1545,90.73,90.0,18
1546,3.200000000000001,0.0,16
1547,1.4800000000000002,0.0,17
1548,2.3399999999999994,0.0,16
1549,2.2200000000000006,0.0,16
1550,1.8199999999999998,0.0,15
1551,2.1999999999999997,0.0,15
1552,17.060000000000002,15.0,16
1553,1.5999999999999999,0.0,15
1554,2.32,0.0,15
1555,-28.79,-30.0,17
1556,1.2200000000000002,0.0,17
1557,1.92,0.0,16
1558,1.5000000000000004,0.0,15
1559,2.22,0.0,16
1560,20.02,18.0,17
1561,91.37,90.0,14
1562,2.5700000000000003,0.0,15
1563,1.6100000000000005,0.0,16
1564,17.95,16.0,18
1565,20.2,18.0,17
1566,2.16,0.0,17
1567,2.07,0.0,15
1568,1.52,0.0,17
1569,2.3299999999999996,0.0,15
1570,0.9600000000000002,0.0,17
1571,2.4,0.0,16
1572,2.36,0.0,15
1573,3.15,0.0,17
1574,2.7,0.0,17
1575,2.47,0.0,17
1576,1.5,0.0,15
1577,1.5700000000000005,0.0,17
1578,2.6999999999999997,0.0,16
1579,-1.459999999999999,-5.0,14
1580,1.7500000000000004,0.0,16
1581,3.130000000000001,0.0,16
1582,-2.34,-5.0,16
1583,24.52,22.0,15
1584,2.89,0.0,15
1585,2.0600000000000005,0.0,16
1586,91.01,90.0,17
1587,1.83,0.0,15
1588,2.41,0.0,15
1589,2.4499999999999993,0.0,16
1590,20.35,18.0,16
1591,1.0600000000000003,0.0,16
1592,1.5100000000000005,0.0,16
1593,-35.78,-39.0,15
1594,2.5299999999999994,0.0,16
1595,0.9400000000000001,0.0,17
1596,19.78,18.0,15
1597,61.660000000000004,60.0,19
1598,1.8699999999999999,0.0,15
1599,1.04,0.0,16
1600,-29.23,-30.0,17
1601,3.1100000000000003,0.0,18
1602,1.9799999999999998,0.0,17
1603,2.3,0.0,16
1604,1.7500000000000004,0.0,16
1605,1.7800000000000002,0.0,15
1606,1.9300000000000002,0.0,17
1607,17.96,15.0,17
1608,0.8799999999999998,0.0,16
1609,2.1500000000000004,0.0,16
1610,1.56,0.0,14
1611,1.6600000000000001,0.0,17
1612,-14.18,-17.0,15
1613,100.0,90.0,17
1614,2.24,0.0,14
1615,1.89,0.0,15
1616,1.4400000000000004,0.0,17
1617,2.1599999999999997,0.0,16
1618,-2.83,-5.0,16
1619,-18.66,-20.0,16
1620,1.5999999999999996,0.0,16
1621,2.2,0.0,16
1622,2.3399999999999994,0.0,17
1623,2.359999999999999,0.0,17
1624,1.2500000000000002,0.0,16
1625,92.37,90.0,16
1626,1.9999999999999996,0.0,17
1627,2.7,0.0,15
1628,-4.23,-5.0,5
1629,20.97,18.0,15
1630,1.7900000000000005,0.0,16
1631,2.0799999999999996,0.0,15
1632,1.3200000000000005,0.0,16
1633,65.25,63.0,20
1634,2.8999999999999995,0.0,16
1635,0.82,0.0,15
1636,2.69,0.0,15
1637,1.3400000000000003,0.0,15
1638,1.7400000000000002,0.0,15
1639,0.6000000000000001,0.0,16
1640,0.8,0.0,16
1641,1.4300000000000004,0.0,15
1642,1.7700000000000005,0.0,15
1643,2.0,0.0,16
1644,2.17,0.0,17
1645,1.5900000000000003,0.0,15
1646,2.3100000000000005,0.0,16
1647,2.1099999999999994,0.0,16
1648,2.7100000000000004,0.0,17
1649,2.67,0.0,16
1650,-12.75,-14.0,17
1651,-29.799999999999997,-33.0,19
1652,3.1399999999999997,0.0,15
1653,1.9200000000000004,0.0,15
1654,1.1,0.0,17
1655,2.5000000000000004,0.0,18
1656,2.9399999999999995,0.0,17
1657,16.36,15.0,16
1658,3.630000000000001,0.0,17
1659,1.1600000000000001,0.0,16
1660,1.4100000000000001,0.0,15
1661,0.5900000000000003,-2.0,14
1662,1.4100000000000001,0.0,16
1663,3.5500000000000003,0.0,16
1664,2.46,0.0,17
1665,3.0599999999999996,0.0,18
1666,2.3099999999999996,0.0,16
1667,0.8899999999999998,0.0,15
1668,1.6600000000000001,0.0,16
1669,1.2400000000000002,0.0,18
1670,1.0699999999999998,0.0,17
1671,3.4000000000000004,0.0,16
1672,92.01,90.0,17
1673,2.8,0.0,15
1674,2.0400000000000005,0.0,17
1675,2.4499999999999997,0.0,15
1676,16.28,15.0,7
1677,90.65,90.0,17
1678,2.9200000000000004,0.0,15
1679,-3.73,-5.0,16
1680,2.97,0.0,15
1681,2.31,0.0,18
1682,1.17,0.0,15
1683,2.0500000000000003,0.0,15
1684,1.8799999999999997,0.0,16
1685,3.21,0.0,15
1686,19.29,18.0,16
1687,2.2199999999999998,0.0,15
1688,1.9199999999999995,0.0,16
1689,2.379999999999999,0.0,17
1690,1.7000000000000004,0.0,17
1691,2.8400000000000003,0.0,17
1692,-4.16,-5.0,16
1693,0.8200000000000001,0.0,15
1694,1.5500000000000005,0.0,16
1695,93.86,93.0,15
1696,1.5599999999999998,0.0,16
1697,-31.36,-33.0,14
1698,-2.1999999999999997,-5.0,14
1699,16.43,15.0,17
1700,1.8800000000000003,0.0,17
1701,1.3600000000000003,0.0,17
1702,2.02,0.0,19
1703,2.17,0.0,16
1704,1.4100000000000004,0.0,16
1705,4.030000000000001,0.0,15
1706,1.3000000000000005,0.0,17
1707,2.3200000000000003,0.0,17
1708,2.57,0.0,15
1709,3.0500000000000003,0.0,16
1710,1.79,0.0,15
1711,4.2,0.0,16
1712,2.2100000000000004,0.0,17
0,105.09,102.0,17
0,2.77,0.0,15
1,1.7800000000000007,0.0,17
2,-30.62,-33.0,16
3,2.12,0.0,17
4,91.15,90.0,18
5,0.9299999999999999,0.0,17
6,3.48,0.0,15
7,101.09,99.0,17
8,1.27,0.0,15
9,-5.59,-8.0,16
10,2.19,0.0,15
11,1.9399999999999995,0.0,14
12,2.52,0.0,15
13,1.5899999999999999,0.0,14
14,-4.05,-5.0,17
15,-3.57,-5.0,16
16,1.4200000000000002,0.0,16
17,2.5500000000000007,1.0,15
18,2.379999999999999,0.0,17
19,1.2900000000000003,0.0,16
20,1.9199999999999995,0.0,16
21,23.24,21.0,16
22,2.2,0.0,15
23,1.6000000000000003,0.0,17
24,91.4,90.0,18
25,1.95,0.0,17
26,3.0000000000000004,0.0,16
27,-16.84,-20.0,17
28,1.57,0.0,15
29,1.8099999999999998,0.0,16
30,2.55,0.0,16
31,3.2100000000000004,0.0,17
32,1.7600000000000007,0.0,18
33,1.23,0.0,15
34,1.2100000000000002,0.0,16
35,0.8600000000000003,0.0,16
36,2.34,0.0,16
37,1.4900000000000002,0.0,16
38,2.9400000000000004,0.0,17
39,2.8,0.0,16
40,1.36,0.0,17
41,1.6399999999999997,0.0,17
0,1.4000000000000004,0.0,16
1,1.98,0.0,16
2,1.4100000000000006,0.0,16
3,1.4700000000000004,0.0,17
4,1.06,0.0,15
5,2.539999999999999,0.0,16
6,2.7600000000000007,0.0,15
7,2.5300000000000002,0.0,17
8,2.599999999999999,0.0,17
9,3.1700000000000004,0.0,16
0,2.0899999999999994,0.0,15
1,0.9000000000000002,0.0,15
2,2.8299999999999996,0.0,17
3,2.0999999999999996,0.0,15
4,1.97,0.0,15
5,2.4799999999999995,0.0,16
6,1.8500000000000008,0.0,17
7,64.22,63.0,17
8,2.2099999999999995,0.0,17
9,1.5699999999999998,0.0,16
10,1.4200000000000004,0.0,16
11,1.4200000000000004,0.0,17
12,1.1500000000000004,0.0,15
13,1.5900000000000007,0.0,15
14,1.7200000000000002,0.0,15
15,2.69,0.0,18
16,2.5499999999999994,0.0,16
17,1.7000000000000002,0.0,16
18,-28.09,-30.0,18
19,2.07,0.0,16
20,1.4100000000000004,0.0,16
21,1.7000000000000002,0.0,18
22,2.6100000000000003,0.0,16
23,2.8,0.0,17
24,12.219999999999999,10.0,18
25,-16.89,-20.0,19
26,2.1699999999999995,0.0,17
27,2.5399999999999996,0.0,14
28,1.9399999999999995,0.0,14
29,2.8199999999999994,0.0,16
30,2.98,0.0,15
31,1.4199999999999997,0.0,16
32,2.4499999999999997,0.0,17
33,1.5099999999999998,0.0,16
34,2.8400000000000003,0.0,16
35,62.39,60.0,17
36,1.5599999999999998,0.0,15
37,1.4600000000000002,0.0,20
38,1.6000000000000005,0.0,16
39,1.5799999999999996,0.0,15
40,-3.0,-5.0,16
41,2.71,0.0,16
42,1.1800000000000002,0.0,15
43,2.52,0.0,16
44,2.1,0.0,17
45,1.1999999999999997,0.0,15
46,2.03,0.0,15
47,1.6200000000000003,0.0,17
48,2.99,0.0,17
49,1.5700000000000003,0.0,16
50,2.2800000000000002,0.0,16
51,1.5400000000000005,0.0,17
52,91.94,90.0,18
53,2.34,0.0,14
54,3.5300000000000002,0.0,15
55,1.0100000000000002,0.0,15
56,26.07,24.0,17
57,1.59,0.0,17
58,35.56,33.0,17
59,2.4899999999999998,0.0,18
60,1.5100000000000005,0.0,16
61,90.6,90.0,17
62,2.56,0.0,15
63,-28.490000000000002,-30.0,16
64,2.75,0.0,17
65,2.3599999999999994,0.0,17
66,2.1899999999999995,0.0,16
67,-3.88,-5.0,7
68,3.4900000000000007,0.0,16
69,1.5399999999999996,0.0,15
70,2.11,0.0,15
71,91.62,90.0,16
72,64.94,63.0,17
73,1.7300000000000006,0.0,18
74,2.6899999999999995,0.0,16
75,1.0300000000000002,0.0,17
76,0.73,0.0,16
77,2.06,0.0,17
78,3.1600000000000006,0.0,17
79,1.6800000000000002,0.0,17
80,1.42,0.0,18
81,1.5400000000000005,0.0,16
82,4.85,0.0,15
83,1.4800000000000004,0.0,16
84,2.23,0.0,15
85,1.72,0.0,15
86,1.7500000000000002,0.0,17
87,5.809999999999999,0.0,17
88,1.28,0.0,15
89,1.9699999999999998,0.0,15
90,2.79,0.0,16
91,1.7699999999999996,0.0,16
92,65.12,63.0,16
93,1.5900000000000005,0.0,17
94,2.6900000000000004,0.0,19
95,1.7000000000000004,0.0,16
96,-28.21,-30.0,16
97,2.72,0.0,15
98,1.6400000000000006,0.0,15
99,3.25,0.0,16
100,1.4800000000000004,0.0,17
101,1.6300000000000006,0.0,15
102,1.9199999999999995,0.0,15
103,1.5900000000000003,0.0,17
104,1.7000000000000004,0.0,16
105,90.73,90.0,17
106,3.25,0.0,16
107,2.67,0.0,15
108,2.33,0.0,16
109,1.5600000000000005,0.0,17
110,0.6000000000000001,0.0,16
111,3.5100000000000016,0.0,15
112,1.7199999999999998,0.0,15
113,2.8100000000000005,0.0,16
114,2.2399999999999998,0.0,14
115,1.6400000000000001,0.0,15
116,2.08,0.0,18
117,-1.65,-5.0,16
118,1.78,0.0,14
119,1.8699999999999997,0.0,15
120,16.4,15.0,15
121,1.9600000000000002,0.0,18
122,2.4399999999999995,0.0,16
123,-27.89,-30.0,12
124,1.9400000000000004,0.0,15
125,-16.33,-20.0,16
126,2.5,0.0,16
127,91.59,90.0,17
128,92.52,90.0,17
129,-16.04,-17.0,16
130,95.49,93.0,15
131,96.52,93.0,18
132,1.8100000000000005,0.0,16
133,2.5,0.0,16
134,1.0399999999999998,0.0,17
135,100.35,99.0,16
136,2.1199999999999997,0.0,15
137,2.3800000000000003,0.0,16
138,95.08,93.0,17
139,59.57,57.0,21
140,-0.48,-2.0,15
141,-36.54,-39.0,18
142,90.94,90.0,18
143,1.85,0.0,16
144,1.5800000000000005,0.0,17
145,2.25,0.0,16
146,1.8000000000000003,0.0,18
147,1.6999999999999997,0.0,16
148,1.6400000000000001,0.0,14
149,2.3499999999999996,0.0,16
150,1.87,0.0,14
151,1.9400000000000004,0.0,17
152,1.4600000000000002,0.0,16
153,1.7900000000000005,0.0,16
154,1.7600000000000005,0.0,16
155,95.23,93.0,19
156,1.57,0.0,17
157,2.99,0.0,16
158,1.9700000000000002,0.0,15
159,1.8900000000000003,0.0,16
160,1.85,0.0,17
161,3.0600000000000005,0.0,17
162,0.9900000000000002,0.0,16
163,3.7800000000000007,0.0,17
164,2.4099999999999997,0.0,15
165,1.8399999999999999,0.0,16
166,2.17,0.0,15
167,1.4300000000000004,0.0,15
168,2.7799999999999994,0.0,18
169,2.94,0.0,17
170,2.67,0.0,16
171,-28.42,-30.0,17
172,2.23,0.0,17
173,2.22,0.0,16
174,1.8199999999999998,0.0,15
175,2.67,0.0,15
176,-34.02,-35.0,14
177,2.3,0.0,15
178,2.37,0.0,15
179,1.34,0.0,15
180,2.58,0.0,17
181,0.9500000000000002,0.0,17
182,-2.8800000000000003,-5.0,16
183,2.1999999999999993,0.0,16
184,-29.69,-30.0,16
185,19.08,18.0,16
186,1.2200000000000002,0.0,16
187,1.6899999999999997,0.0,16
188,2.0100000000000002,0.0,15
189,3.3100000000000005,0.0,17
190,91.96,90.0,14
191,3.1,0.0,16
192,4.050000000000001,0.0,16
193,2.1799999999999997,0.0,16
194,1.6900000000000002,0.0,15
195,61.96,60.0,18
196,0.78,0.0,16
197,1.3800000000000006,0.0,17
198,2.8099999999999996,0.0,16
199,-28.27,-30.0,17
200,0.7300000000000002,0.0,16
201,-28.65,-30.0,16
202,2.2199999999999998,0.0,15
203,3.2699999999999996,0.0,15
204,2.3000000000000003,0.0,16
205,1.46,0.0,15
206,2.1899999999999995,0.0,14
207,1.8800000000000003,0.0,15
208,1.8500000000000003,0.0,16
209,0.71,0.0,17
210,-2.06,-5.0,15
211,2.1999999999999993,0.0,16
212,-28.0,-30.0,18
213,2.34,0.0,15
214,-6.64,-8.0,16
215,2.06,0.0,16
216,62.21,60.0,17
217,1.1300000000000001,0.0,16
218,2.32,0.0,16
219,1.5199999999999996,0.0,16
220,4.75,0.0,16
221,1.1200000000000003,0.0,15
222,-3.0300000000000002,-5.0,15
223,61.85,60.0,14
224,83.4,81.0,17
225,1.8000000000000005,0.0,18
226,2.9400000000000004,0.0,17
227,1.1600000000000001,0.0,17
228,-29.05,-30.0,16
229,-28.32,-30.0,7
230,2.1500000000000004,0.0,16
231,1.3100000000000003,0.0,15
232,-6.739999999999999,-8.0,17
233,2.1199999999999997,0.0,15
234,1.8399999999999999,0.0,17
235,-48.52,-50.0,17
236,2.0,0.0,16
237,3.2299999999999995,0.0,16
238,2.7199999999999998,0.0,14
239,-2.5100000000000002,-5.0,17
240,47.01,45.0,13
241,-26.4,-30.0,19
242,0.8500000000000002,0.0,17
243,0.9700000000000002,-2.0,16
244,2.57,0.0,16
245,1.1900000000000002,0.0,16
246,1.9299999999999997,0.0,17
247,94.3,90.0,18
248,2.2899999999999996,0.0,16
249,-4.09,-5.0,8
250,107.32,105.0,18
251,2.4099999999999997,0.0,16
252,1.7900000000000005,0.0,17
253,2.1199999999999997,0.0,15
254,3.1599999999999997,0.0,18
255,2.39,0.0,16
256,1.4600000000000004,0.0,16
257,1.62,-2.0,15
258,1.9700000000000002,0.0,17
259,3.1000000000000005,0.0,16
260,0.9500000000000002,0.0,16
261,2.29,0.0,15
262,2.1999999999999997,0.0,16
263,53.46,51.0,16
264,1.4800000000000004,0.0,16
265,-3.46,-5.0,18
266,2.4099999999999993,0.0,16
267,8.860000000000001,7.0,18
268,23.17,15.0,13
269,3.1500000000000004,0.0,16
270,2.3699999999999997,0.0,15
271,12.23,9.0,14
272,1.5700000000000003,0.0,17
273,1.7699999999999996,0.0,15
274,2.7600000000000002,0.0,17
275,1.6500000000000004,0.0,17
276,2.34,0.0,16
277,2.59,0.0,17
278,1.8000000000000003,0.0,16
279,1.8499999999999996,0.0,17
280,2.8400000000000003,0.0,15
281,1.0200000000000002,0.0,16
282,2.1699999999999995,0.0,17
283,3.500000000000001,0.0,16
284,3.450000000000001,0.0,16
285,2.0100000000000002,0.0,15
286,2.16,0.0,16
287,0.8500000000000002,0.0,17
288,1.8800000000000003,0.0,17
289,1.5899999999999999,0.0,14
290,1.4000000000000001,0.0,16
291,2.16,0.0,17
292,2.13,0.0,17
293,1.8000000000000003,0.0,16
294,2.2699999999999996,0.0,15
295,4.170000000000001,0.0,15
296,0.9800000000000001,0.0,15
297,1.3899999999999997,0.0,17
298,2.8499999999999996,0.0,16
299,1.2599999999999998,0.0,15
300,2.3,0.0,17
301,2.8600000000000003,0.0,15
302,2.4799999999999995,0.0,17
303,3.4700000000000006,0.0,15
304,1.2600000000000002,0.0,16
305,94.04,93.0,18
306,3.19,0.0,14
307,1.49,0.0,14
308,21.11,18.0,18
309,90.93,90.0,17
310,26.189999999999998,24.0,16
311,9.24,0.0,16
312,1.4,0.0,17
313,66.63,63.0,17
314,1.52,0.0,14
315,62.51,60.0,17
316,2.8,0.0,17
317,0.41,0.0,16
318,2.58,0.0,15
319,2.21,0.0,14
320,1.0500000000000003,0.0,17
321,0.46,0.0,15
322,1.81,0.0,16
323,1.7900000000000005,0.0,15
324,2.0,0.0,16
325,3.04,0.0,14
326,2.3500000000000005,0.0,17
327,2.8700000000000006,0.0,16
328,3.330000000000001,0.0,18
329,-23.39,-27.0,17
330,2.7699999999999996,0.0,18
331,1.7900000000000007,0.0,18
332,2.4199999999999995,0.0,15
333,16.87,15.0,10
334,-36.03,-39.0,18
335,1.8299999999999998,0.0,16
336,2.2300000000000004,0.0,19
337,-27.44,-30.0,17
338,1.3099999999999996,0.0,16
339,2.5,0.0,16
340,1.5200000000000005,0.0,15
341,1.1500000000000001,0.0,17
342,2.7800000000000002,0.0,16
343,11.97,10.0,17
344,-34.61,-36.0,17
345,2.0,0.0,16
346,-14.39,-17.0,16
347,26.38,24.0,17
348,2.57,0.0,16
349,2.5300000000000002,0.0,16
350,1.9899999999999998,0.0,16
351,2.91,0.0,16
352,1.3000000000000005,0.0,16
353,2.3699999999999997,0.0,15
354,1.8099999999999998,0.0,15
355,1.4100000000000001,0.0,16
356,2.0100000000000002,0.0,17
357,100.49,99.0,16
358,92.43,90.0,18
359,1.6099999999999999,0.0,17
360,-3.63,-5.0,12
361,16.29,15.0,15
362,1.3300000000000003,0.0,15
363,1.06,0.0,16
364,3.1400000000000006,0.0,15
365,-16.36,-17.0,11
366,2.2500000000000004,0.0,17
367,-4.34,-5.0,8
368,2.2199999999999998,0.0,15
369,2.9000000000000004,0.0,16
370,70.98,69.0,16
371,1.7400000000000002,0.0,16
372,1.5500000000000003,0.0,15
373,15.75,15.0,4
374,0.8200000000000002,0.0,16
375,1.5099999999999998,0.0,18
376,1.71,0.0,18
377,-27.28,-30.0,14
378,3.04,0.0,16
379,95.58,93.0,17
380,2.55,0.0,16
381,2.07,0.0,15
382,65.13,63.0,16
383,3.0500000000000007,0.0,16
384,1.7500000000000007,0.0,15
385,0.6999999999999993,-2.0,16
386,2.2399999999999998,0.0,15
387,2.2699999999999996,0.0,16
388,2.3,0.0,16
389,2.28,0.0,17
390,-25.38,-27.0,16
391,2.6100000000000008,0.0,17
392,2.1099999999999994,0.0,16
393,91.09,90.0,10
394,1.6299999999999997,0.0,17
395,2.5700000000000003,0.0,17
396,14.149999999999999,0.0,17
397,2.09,0.0,14
398,1.3300000000000003,0.0,17
399,16.43,15.0,15
